Rk,Player,Age,Tm,Pos,G,GS,MP,FG,FGA,FG%,3P,3PA,3P%,2P,2PA,2P%,eFG%,FT,FTA,FT%,ORB,DRB,TRB,AST,STL,BLK,TOV,PF,PTS,Awards,Year,PER,TS%,3PAr,FTr,ORB%,DRB%,TRB%,AST%,STL%,BLK%,TOV%,USG%,OWS,DWS,WS,WS/48,OBPM,DBPM,BPM,VORP,WinPct,TeamWins,ConfSeed,predicted_share
7,Nikola JokiÄ,30,DEN,C,39,39,34.3,10.1,17.1,0.59,1.9,4.6,0.42,8.1,12.4,.654,.647,6.6,7.8,0.84,3.1,9.2,12.3,10.7,1.4,0.8,3.7,2.7,28.7,,2026,34.9,0.699,0.272,0.459,11.0,28.9,20.4,52.9,2.0,2.1,15.2,31.0,8.1,1.8,9.9,0.354,11.5,3.9,15.5,5.9,0.636,35.0,3.0,0.6828197
2,Shai Gilgeous-Alexander,27,OKC,PG,49,49,33.3,10.9,19.7,0.554,1.8,4.6,0.39,9.1,15.1,.603,.599,8.2,9.2,0.892,0.6,3.9,4.4,6.4,1.3,0.8,2.1,2.1,31.8,,2026,31.6,0.67,0.231,0.469,1.9,12.2,7.3,34.0,1.9,2.3,8.1,33.6,8.5,2.9,11.4,0.334,9.2,2.7,11.8,5.7,0.75,42.0,1.0,0.6198376
8,Giannis Antetokounmpo,31,MIL,PF,30,30,29.2,10.5,16.2,0.645,0.5,1.3,0.395,10.0,15.0,.666,.660,6.5,9.9,0.658,2.8,7.2,10.0,5.6,0.9,0.7,3.3,2.6,28.0,,2026,33.6,0.679,0.078,0.612,10.9,27.5,19.3,38.6,1.5,2.5,13.9,36.3,3.7,1.1,4.8,0.264,8.1,2.3,10.4,2.8,0.434,23.0,12.0,0.26916122
1,Luka DonÄiÄ,26,LAL,PG,42,42,35.5,10.4,22.0,0.473,3.5,10.3,0.345,6.9,11.7,.587,.554,8.5,10.9,0.781,0.8,7.1,7.8,8.6,1.5,0.5,4.3,2.4,32.8,,2026,27.5,0.614,0.468,0.494,2.6,22.7,13.0,41.8,2.0,1.2,13.7,37.9,4.3,1.6,5.9,0.191,7.4,0.7,8.2,3.8,0.611,33.0,5.0,0.260336
3,Jaylen Brown,29,BOS,SF,49,49,34.2,10.9,22.6,0.483,2.1,6.0,0.348,8.8,16.6,.532,.529,5.4,7.0,0.775,1.2,5.7,6.9,4.7,1.0,0.4,3.6,2.8,29.3,,2026,22.3,0.571,0.265,0.31,3.8,18.2,11.0,24.1,1.5,1.2,12.3,36.9,2.3,2.1,4.4,0.125,3.7,-0.6,3.0,2.1,0.648,35.0,2.0,0.24040107
22,Victor Wembanyama,22,SAS,C,40,31,29.0,8.4,16.4,0.511,1.8,5.0,0.363,6.5,11.3,.576,.567,5.9,7.3,0.81,2.0,9.1,11.1,2.8,1.0,2.7,2.6,2.7,24.4,,2026,28.0,0.624,0.307,0.443,7.4,33.2,20.5,15.9,1.6,8.1,11.8,32.2,2.6,2.8,5.5,0.226,5.4,3.4,8.8,3.2,0.704,38.0,2.0,0.23643883
17,Cade Cunningham,24,DET,PG,47,47,34.9,8.9,19.2,0.462,1.9,5.8,0.33,6.9,13.4,.519,.512,5.7,7.1,0.808,1.0,4.7,5.6,9.6,1.5,0.8,3.7,3.2,25.3,,2026,22.1,0.568,0.303,0.37,3.1,14.7,9.0,43.2,2.0,2.4,14.2,30.8,3.6,2.7,6.3,0.184,4.8,1.4,6.2,3.4,0.755,40.0,1.0,0.09708723
6,Tyrese Maxey,25,PHI,PG,52,52,38.6,10.1,21.5,0.469,3.3,8.8,0.379,6.7,12.7,.532,.547,5.4,6.1,0.889,0.3,3.8,4.1,6.8,2.0,0.8,2.4,2.3,28.9,,2026,22.7,0.598,0.411,0.283,0.8,11.2,5.9,29.8,2.5,1.8,9.1,29.2,5.3,2.1,7.4,0.176,5.3,0.6,5.9,3.9,0.556,30.0,6.0,0.031114534
5,Donovan Mitchell,29,CLE,SG,51,51,33.7,10.1,20.8,0.487,3.6,9.6,0.376,6.5,11.1,.583,.574,5.1,6.0,0.853,0.8,3.7,4.5,5.9,1.5,0.3,3.1,2.5,29.0,,2026,23.4,0.619,0.464,0.289,2.6,12.0,7.2,29.0,2.2,0.8,11.7,32.6,4.4,1.8,6.2,0.173,5.7,-0.1,5.6,3.3,0.618,34.0,4.0,0.021727707
11,Jalen Brunson,29,NYK,PG,50,50,34.6,9.6,20.5,0.47,2.9,7.8,0.374,6.7,12.7,.528,.541,4.9,5.7,0.847,0.5,2.8,3.3,6.1,0.7,0.1,2.2,2.3,27.0,,2026,20.8,0.587,0.381,0.28,1.6,9.0,5.3,29.0,1.0,0.3,8.7,30.9,4.8,1.3,6.1,0.169,4.5,-1.3,3.2,2.2,0.636,35.0,3.0,0.017596936
18,Deni Avdija,25,POR,SF,46,46,34.3,7.7,16.6,0.463,2.2,6.4,0.346,5.5,10.2,.536,.529,7.6,9.4,0.802,1.2,6.0,7.2,6.6,0.8,0.6,3.9,2.7,25.2,,2026,20.6,0.606,0.386,0.567,3.6,19.3,11.3,30.8,1.1,1.6,15.7,29.0,3.5,1.4,5.0,0.151,4.3,0.3,4.5,2.6,0.482,27.0,9.0,0.015483198
42,Jimmy Butler,36,GSW,SF,38,38,31.1,6.3,12.2,0.519,0.8,2.2,0.376,5.5,9.9,.552,.554,6.5,7.6,0.864,2.3,3.2,5.6,4.9,1.4,0.2,1.6,1.2,20.0,,2026,23.5,0.646,0.184,0.621,8.1,11.6,9.9,24.2,2.2,0.6,9.3,23.2,4.7,1.3,6.0,0.243,4.9,0.6,5.5,2.3,0.527,29.0,8.0,0.013397738
69,Chet Holmgren,23,OKC,PF,49,49,29.2,6.5,11.6,0.56,1.2,3.6,0.349,5.2,8.0,.654,.614,3.2,4.1,0.786,1.9,6.8,8.7,1.6,0.5,1.9,1.5,2.4,17.4,,2026,21.5,0.651,0.308,0.354,7.3,24.3,16.2,8.3,0.8,6.5,10.3,22.2,3.2,3.2,6.4,0.214,2.3,1.4,3.7,2.1,0.75,42.0,1.0,0.013037571
37,Alperen ÅengÃ¼n,23,HOU,C,46,46,33.9,8.0,16.2,0.497,0.6,1.9,0.299,7.5,14.3,.524,.515,4.0,5.8,0.691,3.2,6.2,9.4,6.3,1.3,1.0,3.2,3.3,20.7,,2026,21.5,0.552,0.117,0.362,10.3,20.1,15.2,29.2,2.0,2.8,14.4,27.0,2.7,2.5,5.2,0.159,2.9,1.6,4.5,2.5,0.623,33.0,4.0,0.012892422
15,Jamal Murray,28,DEN,PG,50,50,35.6,9.1,18.7,0.485,3.2,7.4,0.425,5.9,11.3,.524,.569,4.4,5.0,0.887,0.4,4.0,4.4,7.6,1.0,0.4,2.3,1.6,25.7,,2026,22.6,0.615,0.397,0.265,1.4,12.0,7.0,34.0,1.3,1.0,9.9,28.6,5.4,1.0,6.4,0.173,5.9,-1.6,4.2,2.8,0.636,35.0,3.0,0.012724299
25,Jalen Johnson,24,ATL,SF,50,50,35.7,8.6,17.2,0.502,1.7,4.7,0.353,7.0,12.5,.558,.550,4.3,5.6,0.778,1.6,9.1,10.6,8.2,1.3,0.5,3.4,2.1,23.3,,2026,21.4,0.592,0.273,0.324,4.7,27.9,16.1,34.9,1.7,1.3,14.9,27.1,2.9,2.4,5.3,0.143,3.3,1.3,4.5,2.9,0.464,26.0,10.0,0.010304309
203,Neemias Queta,26,BOS,C,51,50,25.1,4.1,6.5,0.639,0.0,0.1,0.0,4.1,6.4,.649,.639,1.5,2.2,0.67,3.0,5.3,8.3,1.5,0.9,1.3,1.1,2.9,9.7,,2026,19.4,0.655,0.015,0.339,13.2,23.0,18.1,8.4,1.8,5.2,13.1,14.7,3.0,2.3,5.3,0.199,0.0,1.6,1.6,1.2,0.648,35.0,2.0,0.008169816
10,Stephen Curry,37,GSW,PG,39,39,31.3,8.9,19.1,0.468,4.5,11.5,0.391,4.4,7.6,.584,.585,4.9,5.2,0.931,0.4,3.1,3.5,4.8,1.1,0.4,2.8,1.9,27.2,,2026,22.7,0.636,0.602,0.274,1.4,11.1,6.2,27.4,1.7,1.2,11.7,32.7,2.8,1.2,4.0,0.158,6.3,-0.9,5.3,2.3,0.527,29.0,8.0,0.006569081
4,Anthony Edwards,24,MIN,SG,46,46,35.5,10.1,20.4,0.493,3.4,8.4,0.402,6.7,12.0,.556,.575,5.8,7.3,0.795,0.7,4.5,5.2,3.7,1.3,0.8,2.7,1.8,29.3,,2026,22.4,0.62,0.411,0.357,2.1,13.8,8.1,17.2,1.8,2.1,10.2,31.2,3.5,2.1,5.5,0.163,5.0,-0.1,4.9,2.8,0.607,34.0,6.0,0.005780985
125,Tobias Harris,33,DET,PF,37,37,27.9,4.8,10.6,0.455,1.4,4.0,0.354,3.4,6.6,.516,.522,2.4,2.7,0.879,0.9,3.9,4.9,2.3,0.8,0.2,1.1,1.8,13.4,,2026,14.2,0.569,0.374,0.252,3.8,15.5,9.7,11.6,1.4,0.9,8.4,19.1,1.4,1.5,2.9,0.135,0.3,0.3,0.6,0.7,0.755,40.0,1.0,0.004583877
48,De'Aaron Fox,28,SAS,PG,45,45,32.0,7.2,15.0,0.484,2.0,5.7,0.353,5.2,9.3,.563,.550,2.9,3.7,0.795,0.6,3.3,3.8,6.3,1.3,0.3,2.4,2.2,19.4,,2026,18.0,0.585,0.378,0.246,2.0,10.8,6.4,29.7,1.9,0.8,12.7,25.0,2.3,1.9,4.1,0.137,1.9,0.6,2.5,1.6,0.704,38.0,2.0,0.004385925
12,Lauri Markkanen,28,UTA,PF,41,41,34.4,9.1,19.1,0.478,2.8,7.7,0.363,6.3,11.4,.556,.551,5.7,6.3,0.892,2.0,5.0,7.0,2.1,1.0,0.5,1.5,1.9,26.7,,2026,21.3,0.61,0.402,0.332,6.3,15.9,11.0,10.2,1.3,1.5,6.4,28.0,3.3,0.3,3.6,0.123,4.6,-2.2,2.4,1.5,0.321,18.0,13.0,0.0031738488
23,Keyonte George,22,UTA,PG,48,48,33.9,7.5,16.3,0.458,2.5,6.7,0.375,5.0,9.6,.515,.535,6.4,7.1,0.894,0.5,3.4,3.9,6.5,1.1,0.3,3.3,2.3,23.8,,2026,18.5,0.612,0.409,0.436,1.5,11.0,6.2,29.4,1.5,0.8,14.5,27.6,3.0,0.1,3.1,0.091,2.9,-2.2,0.7,1.1,0.321,18.0,13.0,0.0020518892
26,Norman Powell,32,MIA,SG,45,45,30.6,7.7,16.2,0.474,2.9,7.3,0.396,4.8,8.9,.538,.563,4.8,5.6,0.843,0.4,3.3,3.6,2.6,1.2,0.2,2.0,2.2,23.0,,2026,18.2,0.616,0.451,0.349,1.2,11.0,6.1,12.9,1.8,0.6,9.6,27.2,2.1,1.6,3.7,0.13,2.3,0.2,2.4,1.5,0.518,29.0,8.0,0.0012274685
34,Paolo Banchero,23,ORL,PF,43,43,34.5,7.1,15.6,0.454,1.1,3.8,0.302,5.9,11.8,.502,.490,6.0,7.9,0.762,1.1,7.3,8.4,4.8,0.7,0.6,2.7,1.9,21.3,,2026,17.3,0.559,0.242,0.507,3.5,24.1,13.6,21.6,1.0,1.6,12.6,26.7,1.1,1.7,2.8,0.09,1.0,-0.1,1.0,1.1,0.528,28.0,7.0,0.0012035959
50,Scottie Barnes,24,TOR,PF,54,54,34.4,7.5,14.9,0.504,0.9,3.0,0.301,6.6,11.9,.555,.534,3.4,4.1,0.82,2.2,6.2,8.4,5.6,1.3,1.6,2.6,2.9,19.3,,2026,19.7,0.577,0.202,0.275,7.0,20.5,13.7,25.0,1.8,4.5,13.7,24.1,2.5,3.0,5.5,0.142,1.8,2.2,4.0,2.8,0.582,32.0,5.0,0.00096086896
29,LeBron James,41,LAL,SF,36,36,33.3,8.2,16.3,0.502,1.4,4.6,0.305,6.8,11.7,.580,.545,4.2,5.6,0.746,0.7,5.1,5.8,7.1,1.1,0.6,3.1,1.4,22.0,,2026,20.6,0.585,0.284,0.342,2.4,17.5,10.2,33.9,1.6,1.6,14.1,28.5,1.9,1.0,2.9,0.115,3.3,-0.4,2.9,1.5,0.611,33.0,5.0,0.0009320569
184,Isaiah Collier,21,UTA,PG,48,12,25.5,3.9,7.6,0.51,0.5,1.6,0.293,3.4,6.0,.566,.540,2.2,3.2,0.691,0.4,2.2,2.6,7.4,1.0,0.3,2.5,2.4,10.4,,2026,14.3,0.578,0.205,0.416,1.7,9.5,5.6,40.3,1.8,1.1,21.7,18.6,1.3,0.2,1.5,0.057,-0.8,-2.0,-2.8,-0.3,0.321,18.0,13.0,0.000920932
32,Zion Williamson,25,NOP,PF,40,33,29.7,8.0,13.7,0.584,0.0,0.1,0.0,8.0,13.6,.587,.584,5.6,7.9,0.711,2.3,3.9,6.1,3.5,1.0,0.6,2.3,2.4,21.6,,2026,23.1,0.629,0.005,0.575,8.0,14.3,11.1,19.8,1.6,1.9,11.8,27.4,3.0,0.6,3.7,0.148,3.6,-0.7,2.9,1.5,0.268,15.0,14.0,0.0007863573
60,Bam Adebayo,28,MIA,C,48,48,31.4,6.5,14.7,0.443,1.6,4.8,0.338,4.9,9.9,.494,.498,3.8,4.9,0.782,2.1,7.8,9.9,2.8,1.0,0.7,1.9,1.6,18.4,,2026,17.3,0.548,0.328,0.332,6.7,25.7,16.1,12.8,1.5,2.0,9.9,24.1,1.1,2.5,3.6,0.114,0.8,0.7,1.5,1.3,0.518,29.0,8.0,0.00062428566
57,Josh Giddey,23,CHI,PG,34,31,32.1,6.4,13.8,0.462,1.7,4.7,0.366,4.6,9.1,.511,.524,4.1,5.2,0.775,1.2,7.4,8.6,8.8,0.9,0.3,3.5,1.6,18.6,,2026,19.3,0.575,0.343,0.379,4.1,24.5,14.4,40.1,1.3,0.9,18.0,25.8,1.4,0.9,2.4,0.105,2.7,0.2,2.9,1.4,0.436,24.0,11.0,0.00052013807
28,Trey Murphy III,25,NOP,SF,52,52,35.6,7.8,16.3,0.476,3.2,8.6,0.378,4.5,7.8,.586,.575,3.3,3.7,0.892,1.1,4.7,5.7,3.8,1.5,0.3,1.8,2.1,22.1,,2026,18.9,0.616,0.525,0.229,3.1,14.4,8.7,16.6,2.0,0.8,9.2,23.2,3.8,1.1,4.9,0.126,3.3,-0.8,2.4,2.1,0.268,15.0,14.0,0.00045580236
45,Desmond Bane,27,ORL,SG,53,53,34.0,7.1,15.0,0.472,1.9,5.2,0.372,5.2,9.9,.524,.536,3.5,3.8,0.93,1.2,2.9,4.2,4.2,0.9,0.5,2.2,3.1,19.6,,2026,15.7,0.588,0.344,0.251,4.0,9.8,6.9,19.2,1.3,1.3,11.6,23.5,2.3,1.5,3.8,0.101,0.7,-0.8,0.0,0.9,0.528,28.0,7.0,0.00035615813
54,Jerami Grant,31,POR,PF,40,21,29.1,5.8,13.2,0.438,2.3,6.2,0.374,3.5,7.0,.495,.526,4.9,5.9,0.827,0.9,2.6,3.5,2.4,0.7,0.7,2.1,2.6,18.8,,2026,15.6,0.594,0.467,0.45,3.4,9.8,6.5,12.5,1.1,2.0,11.7,24.8,1.8,0.7,2.5,0.105,1.1,-1.4,-0.2,0.5,0.482,27.0,9.0,0.00035509135
27,Julius Randle,31,MIN,PF,56,56,33.6,7.8,15.9,0.492,1.6,4.8,0.325,6.3,11.1,.563,.540,5.1,6.3,0.823,1.7,5.3,7.0,5.4,1.1,0.3,2.6,2.8,22.3,,2026,20.1,0.599,0.301,0.393,5.6,17.1,11.4,24.3,1.6,0.7,12.1,26.5,4.3,2.3,6.6,0.168,2.5,0.1,2.6,2.2,0.607,34.0,6.0,0.00032479878
56,DeMar DeRozan,36,SAC,PF,56,56,32.4,6.6,13.4,0.494,0.7,2.2,0.336,5.9,11.2,.525,.521,4.8,5.5,0.864,0.5,2.7,3.2,3.8,1.2,0.3,1.1,2.0,18.7,,2026,17.5,0.592,0.163,0.411,1.7,9.5,5.5,18.1,1.7,0.7,6.6,22.3,3.8,0.4,4.2,0.111,0.6,-0.7,-0.1,0.9,0.214,12.0,15.0,0.00030585704
14,Kevin Durant,37,HOU,SF,50,50,36.7,9.0,17.9,0.506,2.3,5.8,0.403,6.7,12.1,.554,.570,5.4,6.2,0.88,0.5,4.8,5.3,4.4,0.8,0.9,3.2,2.0,25.8,,2026,20.2,0.627,0.322,0.345,1.5,14.5,8.0,19.3,1.1,2.2,13.5,27.2,4.4,2.1,6.4,0.168,3.6,0.1,3.7,2.6,0.623,33.0,4.0,0.00028479585
68,Bennedict Mathurin,23,2TM,SF,30,24,31.6,5.4,12.7,0.425,2.0,5.4,0.366,3.4,7.3,.468,.503,4.6,5.2,0.885,0.8,4.5,5.4,2.3,0.8,0.2,2.2,2.7,17.4,,2026,13.2,0.58,0.423,0.412,2.8,15.9,9.2,11.2,1.2,0.5,12.6,23.1,0.4,0.7,1.0,0.053,-1.1,-1.3,-2.4,-0.1,0.5026987447698744,27.43723849372385,7.918410041841004,0.00027388323
78,Ryan Rollins,23,MIL,PG,51,46,32.0,6.5,14.0,0.463,2.4,5.9,0.407,4.1,8.1,.505,.549,1.5,2.0,0.757,0.8,3.8,4.6,5.5,1.5,0.4,2.4,2.7,16.9,,2026,16.0,0.568,0.421,0.145,2.9,13.1,8.1,26.1,2.3,1.2,13.9,23.8,1.1,1.5,2.6,0.077,0.4,-0.3,0.1,0.9,0.434,23.0,12.0,0.00026663303
159,Donovan Clingan,21,POR,C,52,52,27.6,4.5,8.5,0.526,1.0,3.1,0.321,3.5,5.5,.641,.584,1.7,2.5,0.674,4.7,6.8,11.5,2.1,0.5,1.4,1.1,2.3,11.6,,2026,20.1,0.604,0.359,0.291,18.1,27.0,22.5,10.8,0.8,4.7,9.9,15.6,3.7,1.8,5.6,0.186,2.4,-0.2,2.2,1.5,0.482,27.0,9.0,0.0001732012
49,LaMelo Ball,24,CHO,PG,45,42,27.7,6.8,17.0,0.401,3.4,9.5,0.363,3.4,7.5,.448,.502,2.2,2.5,0.885,0.8,4.0,4.8,7.4,1.1,0.2,3.0,2.6,19.3,,2026,18.5,0.533,0.559,0.148,3.5,15.7,9.8,44.3,2.0,0.7,14.3,32.1,1.5,1.3,2.8,0.109,3.8,-0.7,3.0,1.6,0.473,26.0,9.0,0.00013564153
66,Amen Thompson,23,HOU,PG,52,52,37.3,6.8,13.4,0.505,0.3,1.7,0.205,6.4,11.8,.548,.518,3.7,4.7,0.785,2.9,4.7,7.6,5.4,1.4,0.6,2.5,2.2,17.6,,2026,17.8,0.568,0.126,0.352,8.5,13.8,11.2,21.0,1.9,1.5,13.8,20.2,3.5,2.4,6.0,0.148,1.0,0.8,1.9,1.9,0.623,33.0,4.0,0.00011330668
38,Brandon Miller,23,CHO,SF,38,38,30.5,7.1,16.7,0.425,3.0,8.1,0.366,4.1,8.6,.480,.513,3.4,3.9,0.891,1.1,3.7,4.7,3.3,1.1,0.9,2.7,2.8,20.6,,2026,16.3,0.559,0.486,0.231,4.1,13.2,8.8,17.6,1.7,2.6,12.9,29.3,0.7,1.3,1.9,0.08,1.0,-0.4,0.6,0.8,0.473,26.0,9.0,0.000108235305
59,RJ Barrett,25,TOR,SF,31,31,29.5,6.7,13.9,0.481,1.7,5.1,0.342,5.0,8.8,.562,.544,3.4,4.8,0.705,0.9,4.3,5.2,3.6,0.8,0.3,1.7,2.4,18.5,,2026,17.1,0.578,0.366,0.345,3.5,16.5,9.9,18.8,1.3,1.0,9.8,25.7,1.0,1.1,2.1,0.11,1.3,-0.6,0.6,0.6,0.582,32.0,5.0,9.965979e-05
128,Collin Gillespie,26,PHO,PG,54,35,28.3,4.6,10.7,0.434,3.0,7.1,0.423,1.6,3.5,.455,.576,1.0,1.2,0.846,1.0,3.2,4.2,4.7,1.4,0.2,1.6,1.5,13.3,,2026,16.5,0.594,0.668,0.113,3.7,12.8,8.2,23.8,2.4,0.8,12.8,19.2,2.7,1.8,4.5,0.142,2.7,0.8,3.5,2.1,0.582,32.0,7.0,6.351662e-05
136,Miles McBride,25,NYK,SG,35,14,28.0,4.5,10.3,0.434,2.9,6.9,0.42,1.6,3.4,.462,.575,1.0,1.2,0.814,0.6,2.0,2.6,2.8,0.9,0.2,0.8,1.8,12.9,,2026,13.5,0.592,0.671,0.119,2.4,7.8,5.1,13.6,1.5,0.6,6.8,17.6,1.7,0.9,2.6,0.127,1.3,0.0,1.3,0.8,0.636,35.0,3.0,4.4290566e-05
146,Dennis SchrÃ¶der,32,2TM,PG,44,14,25.8,4.2,10.4,0.4,1.3,4.1,0.326,2.8,6.3,.449,.465,2.6,3.2,0.821,0.5,2.5,3.0,5.1,0.8,0.2,1.9,1.6,12.3,,2026,13.4,0.521,0.396,0.306,2.1,11.1,6.5,28.8,1.6,0.6,13.9,22.6,0.3,0.3,0.6,0.027,-0.6,-1.7,-2.3,-0.1,0.5026987447698744,27.43723849372385,7.918410041841004,4.037073e-05
227,Draymond Green,35,GSW,PF,46,46,26.7,3.1,7.5,0.417,1.5,4.7,0.327,1.6,2.8,.566,.519,0.9,1.3,0.707,0.7,5.0,5.7,5.2,0.8,0.6,2.8,3.1,8.6,,2026,10.1,0.539,0.624,0.169,3.0,20.9,11.9,26.3,1.5,2.2,25.6,17.1,-0.6,1.7,1.1,0.043,-2.8,1.3,-1.5,0.1,0.527,29.0,8.0,3.902539e-05
36,Dillon Brooks,30,PHO,SF,49,49,31.1,7.8,17.6,0.441,2.4,6.9,0.343,5.4,10.7,.504,.508,3.3,3.8,0.856,0.8,2.9,3.7,1.8,1.1,0.2,1.8,3.4,21.2,,2026,14.7,0.549,0.391,0.218,2.7,10.6,6.5,9.5,1.7,0.5,8.6,28.7,0.8,1.4,2.2,0.069,-0.7,-1.3,-2.0,0.0,0.582,32.0,7.0,3.485651e-05
218,Davion Mitchell,27,MIA,PG,46,46,28.9,3.5,7.6,0.468,1.2,3.0,0.401,2.3,4.6,.512,.547,0.8,1.2,0.66,0.4,2.1,2.5,7.0,1.1,0.1,1.6,2.7,9.0,,2026,11.8,0.56,0.394,0.152,1.3,7.4,4.3,31.3,1.8,0.4,16.8,13.6,1.5,1.4,2.9,0.105,-1.8,0.7,-1.1,0.3,0.518,29.0,8.0,3.4781693e-05
108,Naz Reid,26,MIN,C,56,2,26.2,5.3,11.3,0.469,2.4,6.3,0.385,2.9,5.1,.574,.576,1.1,1.5,0.738,1.2,5.3,6.4,2.5,1.0,0.9,1.6,2.5,14.2,,2026,16.8,0.59,0.553,0.132,4.9,21.7,13.4,13.7,1.8,3.1,11.8,21.8,1.5,2.3,3.8,0.126,1.1,1.1,2.2,1.6,0.607,34.0,6.0,2.899298e-05
41,Nickeil Alexander-Walker,27,ATL,SG,54,47,33.2,6.8,15.7,0.433,3.0,8.1,0.373,3.8,7.6,.498,.529,3.4,3.9,0.885,0.6,3.0,3.6,3.7,1.2,0.6,2.0,2.2,20.1,,2026,15.0,0.576,0.518,0.245,1.9,9.9,5.9,16.1,1.6,1.7,10.5,24.5,1.2,1.4,2.6,0.07,0.4,-1.1,-0.7,0.6,0.464,26.0,10.0,2.6196001e-05
122,Sam Merrill,29,CLE,SG,31,22,25.4,4.5,9.2,0.484,3.5,7.5,0.472,0.9,1.7,.537,.675,1.2,1.3,0.878,0.7,1.6,2.3,2.3,0.6,0.2,0.9,2.6,13.6,,2026,15.3,0.695,0.811,0.144,2.9,7.0,4.9,12.2,1.1,0.6,8.7,17.5,2.0,0.5,2.5,0.152,2.5,-1.1,1.4,0.7,0.618,34.0,4.0,2.4821238e-05
105,Anfernee Simons,26,2TM,SG,53,4,25.1,5.2,11.8,0.442,2.7,6.9,0.387,2.5,4.8,.521,.556,1.3,1.4,0.893,0.6,1.9,2.5,2.5,0.5,0.2,1.2,1.7,14.4,,2026,15.0,0.579,0.588,0.12,2.6,8.3,5.5,14.8,1.0,0.6,9.0,23.4,2.0,0.9,2.9,0.106,1.5,-1.5,0.0,0.7,0.5026987447698744,27.43723849372385,7.918410041841004,2.2124623e-05
55,CJ McCollum,34,2TM,SG,51,37,30.1,6.9,15.3,0.455,2.6,6.8,0.382,4.4,8.5,.514,.540,2.3,3.0,0.775,0.7,2.7,3.4,3.6,0.7,0.4,1.7,1.9,18.8,,2026,15.4,0.567,0.445,0.194,2.4,9.7,6.0,18.5,1.2,1.1,9.3,25.3,1.2,0.3,1.5,0.048,1.1,-2.3,-1.2,0.3,0.5026987447698744,27.43723849372385,7.918410041841004,2.0882724e-05
138,Quentin Grimes,25,PHI,SG,48,7,29.9,4.1,9.4,0.439,1.8,5.3,0.341,2.3,4.0,.567,.536,2.7,3.1,0.859,0.6,3.1,3.8,3.6,0.9,0.4,1.9,2.0,12.7,,2026,12.8,0.592,0.568,0.332,2.3,11.7,6.9,17.1,1.5,1.2,14.9,17.9,1.4,1.1,2.5,0.084,-0.7,-0.3,-1.0,0.3,0.556,30.0,6.0,1.8999295e-05
91,Russell Westbrook,37,SAC,SF,52,46,29.3,5.7,13.1,0.43,2.1,6.0,0.345,3.6,7.2,.501,.509,1.9,2.8,0.697,1.4,4.3,5.7,6.6,1.3,0.2,3.4,2.5,15.3,,2026,15.1,0.533,0.454,0.212,5.2,17.0,10.9,34.3,2.2,0.5,19.2,25.9,-0.5,0.8,0.3,0.009,0.6,-1.0,-0.4,0.6,0.214,12.0,15.0,1.548645e-05
61,Miles Bridges,27,CHO,PF,53,53,32.2,6.5,14.5,0.449,2.1,6.5,0.327,4.4,8.0,.546,.522,3.1,3.6,0.845,1.0,5.1,6.1,3.5,0.5,0.5,1.5,1.8,18.2,,2026,16.0,0.565,0.446,0.252,3.5,17.4,10.7,16.7,0.8,1.4,8.4,22.9,2.8,1.5,4.3,0.12,1.3,-0.5,0.7,1.2,0.473,26.0,9.0,1.4939368e-05
176,A.J. Green,26,MIL,SG,49,49,30.2,3.5,8.0,0.44,3.1,7.1,0.431,0.4,0.8,.512,.633,0.6,0.7,0.794,0.2,2.4,2.6,2.0,0.6,0.1,0.8,2.3,10.7,,2026,9.8,0.643,0.895,0.087,0.9,8.7,4.9,9.1,0.9,0.3,9.2,13.4,1.6,0.5,2.1,0.068,-1.3,-1.3,-2.6,-0.2,0.434,23.0,12.0,1.2978479e-05
164,Moses Moody,23,GSW,SG,53,42,25.1,3.9,8.8,0.437,2.4,6.0,0.401,1.5,2.9,.513,.572,1.4,1.8,0.779,0.8,2.5,3.3,1.5,0.9,0.6,0.9,1.9,11.5,,2026,13.2,0.598,0.676,0.203,3.6,10.9,7.2,8.4,1.8,2.2,8.4,17.7,1.4,1.5,2.8,0.102,0.0,-0.1,-0.1,0.7,0.527,29.0,8.0,1.1359715e-05
221,Isaac Okoro,25,CHI,SG,46,46,26.0,3.3,7.0,0.466,1.0,3.2,0.324,2.2,3.8,.586,.540,1.3,1.7,0.789,1.1,1.6,2.7,1.5,0.7,0.5,0.7,2.5,8.9,,2026,9.9,0.574,0.46,0.236,4.5,6.4,5.5,7.8,1.2,1.7,7.8,13.6,1.1,0.5,1.6,0.063,-3.0,-1.1,-4.1,-0.6,0.436,24.0,11.0,9.628459e-06
304,Kris Murray,25,POR,SF,34,11,25.7,2.3,5.1,0.446,0.6,2.3,0.256,1.7,2.9,.598,.503,0.9,1.2,0.738,1.8,2.2,4.0,1.2,1.2,0.4,0.9,2.0,6.1,,2026,9.2,0.535,0.446,0.24,7.4,9.4,8.4,6.3,2.2,1.4,13.8,10.4,0.4,0.7,1.2,0.065,-2.7,0.7,-1.9,0.0,0.482,27.0,9.0,8.39241e-06
237,Moussa DiabatÃ©,24,CHO,C,50,24,25.2,3.2,5.1,0.632,0.0,0.0,0.5,3.2,5.0,.633,.634,1.8,2.7,0.662,3.7,5.0,8.6,1.6,0.7,1.0,0.9,2.4,8.2,,2026,17.5,0.657,0.008,0.538,16.9,21.7,19.3,8.6,1.3,3.5,12.8,12.0,3.2,1.6,4.8,0.183,0.3,0.6,0.8,0.9,0.473,26.0,9.0,7.3013093e-06
52,Zach LaVine,30,SAC,SG,39,37,31.4,6.7,14.0,0.479,2.5,6.5,0.39,4.2,7.5,.556,.569,3.2,3.6,0.88,0.2,2.6,2.8,2.3,0.7,0.3,1.9,2.1,19.2,,2026,14.8,0.614,0.464,0.26,0.7,9.4,4.9,11.5,1.1,0.7,10.8,23.8,1.2,0.1,1.3,0.052,0.6,-2.2,-1.6,0.1,0.214,12.0,15.0,5.6906156e-06
137,Donte DiVincenzo,29,MIN,SG,56,56,31.2,4.3,10.5,0.412,3.1,8.0,0.383,1.3,2.5,.504,.557,1.1,1.4,0.753,1.0,3.5,4.5,4.2,1.4,0.4,1.5,2.6,12.8,,2026,13.4,0.574,0.76,0.138,3.6,12.1,7.9,17.8,2.2,1.3,11.9,17.0,2.1,2.2,4.3,0.117,0.4,0.9,1.3,1.5,0.607,34.0,6.0,4.0185582e-06
158,Wendell Carter Jr.,26,ORL,C,51,51,29.5,4.1,8.4,0.492,1.1,3.4,0.331,3.0,5.0,.600,.559,2.3,2.8,0.793,2.1,5.2,7.4,2.1,0.8,0.7,1.2,3.6,11.6,,2026,14.0,0.603,0.403,0.34,7.8,20.1,13.9,9.9,1.3,2.1,11.1,15.5,2.2,1.8,3.9,0.125,-1.0,0.4,-0.6,0.5,0.528,28.0,7.0,3.0346844e-06
134,Tre Johnson,19,WAS,SG,40,22,25.0,4.7,10.6,0.44,2.1,5.5,0.386,2.5,5.1,.498,.540,1.5,1.6,0.892,0.5,2.2,2.7,2.2,0.7,0.3,1.4,1.8,12.9,,2026,12.5,0.57,0.52,0.154,2.2,9.4,5.8,12.8,1.2,1.1,11.0,21.2,0.5,0.0,0.5,0.024,-0.5,-2.2,-2.7,-0.2,0.264,14.0,15.0,2.6268044e-06
220,Herbert Jones,27,NOP,SF,33,33,28.8,3.3,8.4,0.392,1.3,4.4,0.306,2.0,4.1,.485,.471,0.9,1.2,0.775,0.9,2.7,3.6,2.6,1.6,0.5,1.3,3.2,8.9,,2026,9.2,0.496,0.518,0.144,3.4,10.2,6.7,12.2,2.7,1.6,13.0,15.0,-0.2,0.6,0.4,0.02,-3.8,0.5,-3.3,-0.3,0.268,15.0,14.0,1.0411138e-06
150,Derik Queen,21,NOP,C,55,43,26.0,4.7,9.6,0.491,0.3,1.0,0.278,4.4,8.6,.516,.506,2.5,3.3,0.777,1.6,5.6,7.2,4.1,1.0,0.9,2.4,2.8,12.2,,2026,16.3,0.555,0.102,0.34,6.6,23.7,15.0,23.2,1.9,3.4,17.9,21.5,0.6,1.5,2.1,0.069,-1.1,0.8,-0.3,0.6,0.268,15.0,14.0,0.0
163,Cameron Johnson,29,DEN,SF,31,31,30.4,4.0,8.6,0.47,1.9,4.4,0.437,2.1,4.2,.504,.581,1.5,1.9,0.81,0.7,2.9,3.6,2.2,0.7,0.3,0.9,2.4,11.5,,2026,11.4,0.611,0.508,0.218,2.7,10.4,6.8,9.8,1.1,0.8,8.8,14.9,1.2,0.4,1.6,0.082,-0.6,-1.6,-2.2,0.0,0.636,35.0,3.0,0.0
160,Dyson Daniels,22,ATL,SG,53,53,33.6,5.2,10.4,0.498,0.2,1.4,0.133,5.0,9.0,.556,.507,1.1,1.7,0.615,2.2,4.2,6.5,6.2,1.8,0.4,2.0,2.2,11.6,,2026,14.2,0.52,0.136,0.165,7.0,13.8,10.4,24.7,2.6,1.1,15.0,16.3,1.3,2.0,3.3,0.089,-1.4,1.1,-0.4,0.7,0.464,26.0,10.0,0.0
33,Shaedon Sharpe,22,POR,SG,48,42,30.0,8.0,17.6,0.456,2.1,6.2,0.34,5.9,11.5,.518,.515,3.2,4.0,0.784,1.0,3.4,4.4,2.6,1.4,0.1,3.0,2.0,21.4,,2026,15.5,0.55,0.351,0.229,3.5,12.5,8.0,15.0,2.2,0.4,13.4,30.2,-0.1,1.3,1.2,0.04,-0.1,-1.1,-1.2,0.3,0.482,27.0,9.0,0.0
156,Ace Bailey,19,UTA,SF,49,38,26.3,4.8,10.6,0.45,1.5,4.4,0.34,3.3,6.2,.528,.520,0.7,1.0,0.708,1.6,2.3,3.9,1.7,0.8,0.5,1.3,2.6,11.7,,2026,10.8,0.531,0.415,0.093,6.4,9.5,8.0,9.4,1.4,1.7,10.5,19.3,0.0,0.1,0.0,0.002,-2.0,-2.5,-4.5,-0.8,0.321,18.0,13.0,0.0
155,Brandin Podziemski,22,GSW,SG,55,19,26.9,4.3,9.5,0.448,1.7,4.5,0.37,2.6,5.0,.518,.535,1.9,2.4,0.767,0.7,3.8,4.6,3.5,1.1,0.2,1.5,1.8,12.0,,2026,13.8,0.569,0.471,0.255,3.0,15.9,9.4,19.0,2.0,0.6,12.4,19.0,1.3,1.8,3.1,0.101,-0.7,0.4,-0.3,0.7,0.527,29.0,8.0,0.0
153,Jaylen Wells,22,MEM,SG,52,52,26.8,4.2,10.1,0.415,1.8,5.2,0.338,2.4,4.9,.496,.502,2.0,2.6,0.765,0.9,2.5,3.4,1.7,0.8,0.1,1.1,2.2,12.1,,2026,10.4,0.54,0.514,0.26,3.8,9.9,6.8,8.7,1.4,0.4,9.1,19.1,0.4,0.9,1.3,0.045,-2.5,-1.1,-3.6,-0.6,0.377,20.0,11.0,0.0
151,Rui Hachimura,27,LAL,PF,44,31,29.9,4.8,9.3,0.511,1.8,4.1,0.447,2.9,5.2,.561,.609,0.8,1.1,0.735,0.6,2.9,3.5,0.9,0.5,0.3,0.8,1.6,12.1,,2026,11.4,0.62,0.438,0.12,2.4,11.2,6.9,4.3,0.9,0.9,7.3,15.3,1.3,0.6,1.9,0.07,-0.7,-1.8,-2.5,-0.2,0.611,33.0,5.0,0.0
148,Tari Eason,24,HOU,PF,31,17,25.4,4.6,10.2,0.451,2.2,4.8,0.46,2.4,5.4,.443,.560,0.7,1.1,0.657,1.9,4.2,6.1,1.5,1.3,0.5,1.5,2.2,12.2,,2026,15.6,0.569,0.473,0.11,8.4,18.1,13.3,8.3,2.5,2.0,12.6,20.2,0.7,1.3,2.0,0.122,0.5,0.5,1.0,0.6,0.623,33.0,4.0,0.0
149,Josh Hart,30,NYK,SF,43,29,30.6,4.6,9.2,0.497,1.6,3.9,0.407,3.0,5.3,.564,.584,1.5,2.0,0.741,1.5,6.1,7.6,5.2,1.2,0.3,2.0,2.6,12.2,,2026,16.1,0.606,0.424,0.216,5.2,22.4,13.7,23.2,1.9,1.1,16.6,16.7,2.2,1.9,4.1,0.15,1.2,2.0,3.2,1.7,0.636,35.0,3.0,0.0
169,Julian Champagnie,24,SAS,SF,54,40,27.9,3.6,8.4,0.422,2.4,6.5,0.369,1.2,1.9,.600,.564,1.6,1.9,0.846,0.9,5.0,5.9,1.4,0.8,0.4,0.9,1.6,11.1,,2026,12.7,0.6,0.769,0.229,3.6,18.8,11.3,6.7,1.3,1.3,9.2,15.4,1.6,2.2,3.8,0.12,0.2,0.6,0.8,1.1,0.704,38.0,2.0,0.0
147,Duncan Robinson,31,DET,SF,51,51,28.2,4.1,9.4,0.441,2.9,7.3,0.401,1.2,2.1,.585,.597,1.1,1.4,0.74,0.4,2.3,2.7,1.9,0.6,0.3,0.7,2.2,12.3,,2026,11.8,0.613,0.778,0.153,1.4,9.1,5.3,8.9,1.1,1.1,6.6,15.7,2.2,1.7,3.9,0.13,0.4,-0.1,0.3,0.9,0.755,40.0,1.0,0.0
40,Cooper Flagg,19,DAL,SF,49,49,34.1,7.8,16.1,0.482,1.1,3.5,0.302,6.7,12.6,.532,.515,3.8,4.7,0.804,1.1,5.4,6.6,4.1,1.2,0.8,2.2,2.1,20.4,,2026,17.4,0.56,0.218,0.291,3.6,16.3,10.2,18.9,1.6,1.9,10.8,25.2,1.1,2.1,3.2,0.092,0.6,0.7,1.3,1.4,0.352,19.0,12.0,0.0
144,Tre Jones,26,CHI,PG,38,20,26.8,4.4,7.9,0.55,0.6,1.7,0.328,3.8,6.3,.609,.584,3.1,3.6,0.848,0.6,2.3,3.0,5.8,1.3,0.2,1.4,1.4,12.4,,2026,18.5,0.648,0.212,0.457,2.6,9.3,6.0,30.2,2.3,0.6,12.5,17.1,2.9,0.7,3.6,0.169,1.0,0.4,1.4,0.9,0.436,24.0,11.0,0.0
142,Nic Claxton,26,BRK,C,50,49,29.3,5.1,8.7,0.59,0.1,0.3,0.214,5.1,8.4,.602,.593,2.2,3.7,0.607,2.6,4.7,7.3,4.0,0.7,1.3,1.4,2.3,12.5,,2026,18.6,0.608,0.032,0.422,9.7,19.7,14.4,22.1,1.2,4.0,12.0,17.4,3.1,1.3,4.4,0.145,0.9,1.0,1.9,1.4,0.283,15.0,13.0,0.0
140,Myles Turner,29,MIL,C,50,50,28.6,4.3,9.7,0.441,2.2,5.6,0.387,2.1,4.1,.515,.553,2.0,2.7,0.756,1.2,4.5,5.7,1.6,0.7,1.7,1.2,2.7,12.7,,2026,14.6,0.586,0.578,0.28,5.0,17.3,11.2,8.0,1.2,5.8,9.7,18.6,1.2,1.5,2.8,0.093,-0.4,0.1,-0.4,0.6,0.434,23.0,12.0,0.0
43,Karl-Anthony Towns,30,NYK,C,51,51,31.3,6.5,14.0,0.466,1.6,4.5,0.351,5.0,9.5,.521,.522,5.2,6.1,0.854,3.0,8.9,11.9,2.9,0.9,0.6,2.5,3.5,19.8,,2026,20.6,0.594,0.319,0.433,10.5,31.5,20.9,13.7,1.4,1.9,13.2,26.0,3.1,2.6,5.8,0.174,1.7,0.2,1.9,1.6,0.636,35.0,3.0,0.0
31,Brandon Ingram,28,TOR,SF,53,53,34.0,8.1,17.1,0.474,1.8,5.0,0.365,6.3,12.2,.518,.526,3.8,4.5,0.837,0.8,4.9,5.7,3.7,0.8,0.8,2.5,1.9,21.8,,2026,16.4,0.57,0.29,0.263,2.6,16.4,9.4,17.0,1.1,2.3,11.5,27.1,1.0,2.1,3.1,0.082,0.9,-0.6,0.4,1.1,0.582,32.0,5.0,0.0
76,Grayson Allen,30,PHO,SG,35,26,30.3,5.6,13.5,0.418,3.3,9.1,0.369,2.3,4.4,.519,.542,2.4,2.9,0.842,0.7,2.3,3.0,4.0,1.4,0.3,1.7,2.3,17.0,,2026,16.1,0.578,0.673,0.214,2.5,8.7,5.5,19.6,2.3,0.9,10.3,22.9,1.7,1.1,2.8,0.127,2.0,0.1,2.1,1.1,0.582,32.0,7.0,0.0
171,Rudy Gobert,33,MIN,C,54,54,31.3,4.5,6.4,0.703,0.0,0.0,0.0,4.5,6.3,.707,.703,2.1,4.1,0.502,3.7,7.4,11.1,1.7,0.7,1.6,1.3,2.6,11.0,,2026,17.5,0.673,0.006,0.644,13.3,25.6,19.6,7.1,1.1,4.6,13.9,12.7,3.5,2.8,6.3,0.179,0.0,0.8,0.8,1.2,0.607,34.0,6.0,0.0
47,Jaren Jackson Jr.,26,2TM,C,48,48,30.3,7.1,15.0,0.476,1.8,4.9,0.357,5.4,10.1,.533,.534,3.4,4.2,0.803,0.9,4.8,5.7,2.0,1.1,1.4,2.2,3.7,19.4,,2026,15.8,0.576,0.327,0.282,3.1,16.9,10.0,10.4,1.7,4.4,11.7,26.1,0.3,1.8,2.0,0.067,-1.1,0.6,-0.4,0.6,0.5026987447698744,27.43723849372385,7.918410041841004,0.0
257,Terance Mann,29,BRK,SG,46,42,25.3,2.8,6.2,0.451,0.8,2.5,0.342,1.9,3.7,.524,.519,1.1,1.4,0.813,1.2,2.1,3.3,3.4,0.7,0.2,1.2,2.5,7.5,,2026,10.7,0.556,0.401,0.225,5.1,10.1,7.5,20.0,1.5,0.9,14.7,13.7,1.1,0.6,1.6,0.067,-2.6,-0.5,-3.1,-0.3,0.283,15.0,13.0,0.0
243,Kris Dunn,31,LAC,PG,54,48,27.5,3.0,6.2,0.478,1.1,2.9,0.372,1.9,3.4,.569,.564,0.9,1.2,0.785,0.8,2.1,2.9,3.4,1.5,0.1,1.4,2.4,8.0,,2026,11.3,0.589,0.463,0.193,3.3,8.8,6.1,17.6,2.7,0.5,17.0,13.2,1.3,1.2,2.5,0.08,-2.4,0.9,-1.4,0.2,0.481,26.0,10.0,0.0
242,Cason Wallace,22,OKC,SG,53,43,26.8,3.1,7.2,0.424,1.3,3.8,0.348,1.7,3.4,.511,.517,0.6,0.8,0.738,0.8,2.2,3.1,2.2,2.1,0.3,0.9,1.9,8.1,,2026,11.5,0.532,0.531,0.109,3.5,8.7,6.2,10.8,3.7,1.0,10.7,13.8,0.5,2.9,3.3,0.113,-2.3,3.1,0.7,1.0,0.75,42.0,1.0,0.0
9,Kawhi Leonard,34,LAC,SF,41,41,32.8,9.7,19.7,0.491,2.7,7.0,0.383,7.0,12.7,.551,.559,5.8,6.4,0.912,1.1,5.4,6.4,3.7,2.1,0.5,2.1,1.3,27.9,,2026,27.5,0.619,0.355,0.324,3.9,18.5,11.5,21.6,3.2,1.5,8.7,33.5,3.8,1.8,5.6,0.201,7.0,1.0,8.0,3.4,0.481,26.0,10.0,0.0
223,Luguentz Dort,26,OKC,SF,45,45,27.7,3.1,7.7,0.398,1.9,5.5,0.35,1.2,2.2,.515,.522,0.6,0.8,0.778,0.9,2.9,3.8,1.2,0.9,0.5,0.8,2.9,8.7,,2026,8.5,0.537,0.709,0.104,3.6,11.0,7.5,5.6,1.5,1.7,9.0,13.9,0.2,2.0,2.2,0.084,-2.5,0.6,-1.9,0.0,0.75,42.0,1.0,0.0
13,Joel Embiid,31,PHI,C,31,31,31.4,9.0,18.2,0.494,1.3,3.9,0.32,7.7,14.2,.542,.528,7.4,8.6,0.858,2.1,5.4,7.5,3.9,0.6,1.1,3.0,2.2,26.6,,2026,24.9,0.606,0.217,0.476,7.2,19.4,13.2,22.1,1.0,3.2,11.9,33.7,2.3,1.0,3.3,0.165,5.0,-0.3,4.7,1.6,0.556,30.0,6.0,0.0
19,Devin Booker,29,PHO,SG,43,43,33.9,8.3,18.2,0.455,1.7,5.5,0.311,6.6,12.7,.518,.503,6.9,8.0,0.863,0.8,3.2,4.0,6.3,0.9,0.3,3.3,2.7,25.2,,2026,19.6,0.58,0.304,0.44,2.6,10.6,6.5,30.1,1.3,0.8,13.3,31.2,2.8,1.2,4.0,0.133,2.7,-1.0,1.7,1.4,0.582,32.0,7.0,0.0
208,Jake LaRavia,24,LAL,PF,54,33,26.9,3.4,7.2,0.465,1.1,3.5,0.326,2.2,3.7,.594,.544,1.6,2.1,0.765,1.4,2.6,4.0,1.9,1.3,0.5,1.2,2.3,9.5,,2026,12.5,0.581,0.481,0.296,6.3,11.2,8.8,9.6,2.4,1.7,12.7,15.1,1.3,1.3,2.6,0.087,-1.2,0.1,-1.0,0.4,0.611,33.0,5.0,0.0
20,James Harden,36,2TM,PG,47,47,35.2,7.2,17.1,0.42,3.0,8.7,0.35,4.1,8.4,.492,.509,7.6,8.4,0.902,0.6,4.2,4.9,8.2,1.2,0.4,3.7,1.9,25.0,,2026,21.8,0.601,0.507,0.493,2.2,13.5,8.0,37.6,1.8,1.1,15.0,30.9,4.0,1.3,5.3,0.153,4.7,-1.0,3.7,2.4,0.5026987447698744,27.43723849372385,7.918410041841004,0.0
199,Marcus Smart,31,LAL,SG,44,37,28.4,3.2,8.0,0.402,1.6,4.8,0.329,1.6,3.2,.511,.500,1.9,2.3,0.828,0.7,2.3,3.0,2.9,1.3,0.4,1.6,2.6,9.8,,2026,10.0,0.549,0.598,0.282,2.9,9.2,6.2,13.4,2.1,1.2,15.4,16.2,0.3,0.9,1.2,0.045,-2.7,-0.2,-2.9,-0.3,0.611,33.0,5.0,0.0
197,Bilal Coulibaly,21,WAS,SG,33,33,26.8,3.2,8.2,0.394,0.9,3.4,0.261,2.3,4.8,.487,.448,2.5,3.2,0.764,0.9,3.5,4.4,2.5,1.4,0.9,1.5,2.7,9.8,,2026,11.2,0.51,0.413,0.394,3.4,14.1,8.7,12.7,2.5,3.0,13.7,17.2,-0.2,0.6,0.4,0.021,-3.6,0.1,-3.5,-0.3,0.264,14.0,15.0,0.0
193,Ausar Thompson,23,DET,SF,49,48,25.7,4.2,8.2,0.511,0.1,0.4,0.3,4.1,7.8,.522,.519,1.7,2.9,0.58,2.2,3.8,6.0,2.7,1.9,0.8,1.4,2.8,10.2,,2026,16.0,0.538,0.05,0.355,9.6,16.1,12.9,14.4,3.5,3.3,13.2,17.6,1.0,2.7,3.7,0.14,-0.9,3.0,2.1,1.3,0.755,40.0,1.0,0.0
189,Bub Carrington,20,WAS,PG,53,24,28.0,3.5,8.8,0.402,2.1,5.3,0.393,1.5,3.5,.416,.520,1.0,1.3,0.761,0.4,3.1,3.5,4.6,0.6,0.2,2.4,2.2,10.2,,2026,9.1,0.542,0.602,0.153,1.6,11.8,6.7,22.3,1.1,0.7,20.4,17.5,-0.5,0.0,-0.5,-0.015,-2.6,-2.3,-4.9,-1.1,0.264,14.0,15.0,0.0
187,Royce O'Neale,32,PHO,SF,55,50,29.3,3.6,8.5,0.424,2.8,6.9,0.405,0.8,1.6,.506,.589,0.3,0.5,0.679,0.7,4.1,4.8,2.9,1.2,0.3,1.5,2.3,10.3,,2026,11.4,0.594,0.814,0.06,2.6,16.0,9.1,13.4,2.0,0.9,14.9,14.7,1.2,1.9,3.1,0.092,-0.4,0.8,0.5,1.0,0.582,32.0,7.0,0.0
21,Michael Porter Jr.,27,BRK,SF,41,41,33.0,8.8,18.6,0.474,3.7,9.5,0.385,5.2,9.1,.568,.573,3.7,4.3,0.853,1.3,5.9,7.2,3.2,1.0,0.2,2.5,2.2,25.0,,2026,20.7,0.609,0.511,0.232,4.3,21.7,12.6,18.5,1.6,0.7,10.8,30.3,1.9,1.1,3.0,0.105,4.8,-1.0,3.8,2.0,0.283,15.0,13.0,0.0
179,Isaiah Hartenstein,27,OKC,C,30,29,25.7,4.5,7.0,0.635,0.0,0.2,0.0,4.5,6.9,.650,.635,1.7,2.6,0.649,3.3,6.4,9.7,3.6,1.0,0.7,2.1,2.7,10.6,,2026,19.8,0.649,0.024,0.365,14.4,25.9,20.4,19.3,1.9,2.5,20.5,17.3,1.7,1.8,3.5,0.215,1.0,2.5,3.5,1.1,0.75,42.0,1.0,0.0
178,Harrison Barnes,33,SAS,PF,54,49,27.8,3.6,8.1,0.444,1.9,5.0,0.375,1.7,3.1,.557,.560,1.5,1.8,0.842,0.9,2.1,3.0,2.1,0.7,0.2,0.9,1.2,10.6,,2026,11.4,0.595,0.62,0.216,3.4,8.1,5.8,10.0,1.1,0.7,9.4,14.9,1.8,1.5,3.3,0.105,-0.4,-0.1,-0.5,0.6,0.704,38.0,2.0,0.0
24,Pascal Siakam,31,IND,PF,51,51,33.8,8.9,18.6,0.48,1.8,4.9,0.369,7.1,13.6,.521,.530,4.1,6.0,0.68,1.5,5.2,6.7,3.9,1.1,0.5,2.2,2.4,23.7,,2026,18.7,0.56,0.266,0.323,4.8,17.0,10.7,20.5,1.6,1.2,9.3,29.3,1.3,1.5,2.8,0.077,2.2,-0.7,1.5,1.5,0.273,15.0,14.0,0.0
175,Egor DÑmin,19,BRK,PG,46,39,25.0,3.6,8.8,0.406,2.5,6.4,0.396,1.1,2.5,.434,.549,1.1,1.3,0.862,0.5,2.7,3.1,3.3,0.8,0.3,1.8,1.8,10.8,,2026,11.9,0.575,0.722,0.143,2.0,13.0,7.2,20.6,1.6,1.1,16.0,19.4,0.3,0.7,1.0,0.043,-0.4,-0.7,-1.2,0.2,0.283,15.0,13.0,0.0
174,Jusuf NurkiÄ,31,UTA,C,41,36,26.4,4.4,8.7,0.503,0.6,1.7,0.352,3.8,7.0,.540,.538,1.5,2.8,0.549,2.6,7.8,10.4,4.8,1.3,0.5,2.5,3.3,10.9,,2026,16.5,0.548,0.198,0.316,10.6,32.3,21.4,25.6,2.3,2.0,19.9,19.4,0.5,1.1,1.6,0.07,-0.5,1.5,1.0,0.8,0.321,18.0,13.0,0.0
135,Kyle Kuzma,30,MIL,PF,50,26,26.8,4.9,10.1,0.481,1.0,3.0,0.322,3.9,7.1,.550,.530,2.2,3.0,0.733,0.9,4.0,5.0,2.5,0.6,0.4,1.6,2.1,12.9,,2026,13.6,0.565,0.301,0.297,4.0,16.7,10.4,14.1,1.1,1.5,12.4,21.5,0.5,1.0,1.6,0.056,-1.6,-1.1,-2.7,-0.2,0.434,23.0,12.0,0.0
77,Immanuel Quickley,26,TOR,PG,52,52,32.4,5.9,13.3,0.445,2.7,7.0,0.38,3.3,6.3,.518,.545,2.5,3.1,0.805,0.6,3.8,4.4,6.1,1.2,0.1,1.6,2.1,17.0,,2026,16.7,0.579,0.527,0.229,1.9,13.3,7.5,27.1,1.9,0.3,9.8,21.4,2.9,1.9,4.8,0.137,1.9,0.3,2.2,1.8,0.582,32.0,5.0,0.0
133,Noah Clowney,21,BRK,PF,47,41,28.4,4.0,10.1,0.392,2.1,6.5,0.322,1.9,3.7,.514,.495,2.9,3.7,0.798,1.0,3.3,4.3,1.8,0.7,0.8,1.7,2.7,13.0,,2026,11.2,0.551,0.637,0.363,3.8,14.1,8.7,9.7,1.3,2.5,12.9,20.7,0.0,0.9,0.9,0.033,-2.3,-1.1,-3.4,-0.5,0.283,15.0,13.0,0.0
100,Peyton Watson,23,DEN,SF,49,39,30.7,5.4,10.9,0.496,1.5,3.7,0.417,3.9,7.2,.537,.567,2.6,3.6,0.727,0.9,4.0,4.9,2.0,1.0,1.2,1.8,2.5,14.9,,2026,14.5,0.6,0.338,0.331,3.6,14.0,9.1,9.0,1.6,3.6,12.4,20.3,1.1,1.3,2.4,0.077,-0.5,-0.6,-1.1,0.4,0.636,35.0,3.0,0.0
99,VJ Edgecombe,20,PHI,SG,50,50,35.4,5.5,13.1,0.423,2.0,5.7,0.352,3.5,7.4,.477,.499,1.8,2.3,0.786,1.6,3.8,5.4,4.1,1.5,0.5,1.8,3.0,14.9,,2026,12.8,0.528,0.435,0.179,5.0,12.1,8.4,16.8,2.0,1.3,11.4,19.1,1.0,1.6,2.6,0.071,-1.0,0.0,-1.1,0.4,0.556,30.0,6.0,0.0
98,Jaden McDaniels,25,MIN,PF,54,54,32.1,5.7,10.9,0.519,1.5,3.4,0.454,4.1,7.5,.548,.589,2.1,2.5,0.844,1.2,3.1,4.3,2.9,1.0,1.0,1.7,3.3,15.0,,2026,14.3,0.623,0.31,0.229,4.0,10.5,7.3,12.5,1.4,2.8,12.5,18.0,2.5,1.9,4.4,0.122,-0.4,0.4,0.0,0.9,0.607,34.0,6.0,0.0
97,Ayo Dosunmu,26,2TM,SG,48,10,26.5,5.6,10.8,0.517,1.9,4.3,0.447,3.7,6.5,.564,.606,1.9,2.3,0.861,0.7,2.2,2.9,3.6,0.8,0.3,1.3,1.8,15.0,,2026,17.2,0.637,0.398,0.208,2.8,8.9,5.9,20.1,1.5,0.9,10.0,20.8,2.7,0.6,3.3,0.123,1.6,-0.8,0.8,0.9,0.5026987447698744,27.43723849372385,7.918410041841004,0.0
96,Naji Marshall,28,DAL,SF,53,29,29.6,5.5,10.4,0.533,0.9,2.9,0.308,4.6,7.5,.621,.576,3.1,3.9,0.775,0.9,4.0,4.9,3.0,1.0,0.1,1.4,1.9,15.1,,2026,16.1,0.62,0.283,0.379,3.3,14.1,8.8,14.8,1.7,0.3,10.2,19.2,2.6,1.6,4.2,0.128,0.0,0.7,0.6,1.0,0.352,19.0,12.0,0.0
72,Payton Pritchard,28,BOS,PG,53,48,32.7,6.5,14.0,0.462,2.6,7.2,0.356,3.9,6.8,.575,.554,1.7,2.0,0.856,0.9,3.3,4.2,5.3,0.8,0.1,1.2,1.4,17.2,,2026,17.7,0.578,0.513,0.14,3.0,11.0,7.0,23.8,1.2,0.3,7.4,21.3,4.5,1.5,5.9,0.165,2.8,-0.5,2.3,1.9,0.648,35.0,2.0,0.0
94,Jabari Smith Jr.,22,HOU,PF,52,52,35.1,5.4,12.5,0.437,2.2,6.2,0.358,3.2,6.3,.514,.525,2.1,2.7,0.775,1.6,5.5,7.1,1.8,0.8,1.0,1.3,2.5,15.2,,2026,13.4,0.557,0.495,0.219,5.0,17.2,11.1,7.3,1.1,2.5,8.7,17.9,2.2,2.3,4.5,0.118,-0.6,0.0,-0.6,0.7,0.623,33.0,4.0,0.0
93,Jaime Jaquez Jr.,24,MIA,SF,51,1,28.9,6.2,12.2,0.505,0.5,2.0,0.265,5.6,10.2,.552,.527,2.4,3.2,0.748,1.3,4.1,5.4,4.7,0.8,0.3,2.3,2.0,15.2,,2026,15.2,0.56,0.164,0.262,4.7,14.6,9.6,23.8,1.3,0.9,14.2,22.2,1.0,1.7,2.7,0.089,-0.5,0.5,0.0,0.7,0.518,29.0,8.0,0.0
92,Matas Buzelis,21,CHI,PF,55,55,28.3,5.4,11.5,0.474,2.1,5.5,0.372,3.4,5.9,.569,.563,2.2,2.9,0.778,1.0,4.3,5.4,2.1,0.7,1.5,1.9,2.4,15.2,,2026,14.9,0.595,0.482,0.25,4.0,16.4,10.2,10.6,1.1,4.5,12.8,21.8,0.7,1.3,2.1,0.064,-0.6,-0.4,-1.1,0.4,0.436,24.0,11.0,0.0
73,Alex Sarr,20,WAS,C,41,41,28.2,7.0,14.0,0.496,1.0,2.9,0.336,6.0,11.1,.537,.530,2.3,3.3,0.691,2.3,5.4,7.8,2.8,0.8,2.0,1.7,2.1,17.2,,2026,20.3,0.554,0.207,0.237,8.7,20.6,14.6,16.3,1.4,6.2,9.9,25.4,1.1,0.9,2.0,0.082,1.5,-0.1,1.4,1.0,0.264,14.0,15.0,0.0
87,Andrew Wiggins,30,MIA,SF,50,50,31.3,6.1,13.0,0.471,2.0,5.0,0.395,4.1,8.0,.518,.546,1.8,2.3,0.767,1.8,3.2,5.0,2.8,1.2,1.0,1.7,2.2,15.9,,2026,14.7,0.57,0.383,0.179,5.8,10.6,8.2,12.5,1.8,2.7,10.8,20.3,1.2,2.0,3.2,0.097,0.3,0.6,0.9,1.1,0.518,29.0,8.0,0.0
86,Mikal Bridges,29,NYK,SF,55,55,34.5,6.4,12.6,0.504,2.1,5.6,0.386,4.2,7.1,.598,.589,1.1,1.3,0.829,1.1,3.1,4.2,4.1,1.4,0.8,1.1,2.0,15.9,,2026,16.6,0.604,0.441,0.101,3.4,10.0,6.7,16.8,2.0,2.4,7.4,17.5,4.0,2.3,6.3,0.159,2.1,1.4,3.5,2.7,0.636,35.0,3.0,0.0
84,Anthony Black,22,ORL,PG,53,33,31.1,5.8,12.5,0.46,1.7,4.8,0.346,4.1,7.7,.532,.527,2.8,3.8,0.755,0.8,3.3,4.0,4.0,1.4,0.7,2.2,2.8,16.1,,2026,14.6,0.566,0.386,0.301,2.7,12.0,7.2,19.4,2.2,2.1,13.3,22.3,0.8,1.9,2.7,0.078,-0.6,0.5,-0.1,0.8,0.528,28.0,7.0,0.0
83,Onyeka Okongwu,25,ATL,C,50,39,31.9,6.0,12.4,0.484,2.1,5.4,0.379,3.9,7.0,.566,.567,2.2,2.8,0.779,1.9,5.8,7.7,3.2,1.2,1.0,1.9,3.5,16.2,,2026,15.9,0.596,0.439,0.226,6.2,20.0,13.1,14.3,1.7,2.8,12.5,20.4,1.6,1.9,3.5,0.105,-0.3,0.3,-0.1,0.8,0.464,26.0,10.0,0.0
82,Stephon Castle,21,SAS,PG,44,43,30.2,5.7,12.2,0.464,1.0,3.6,0.288,4.6,8.6,.538,.507,4.2,5.8,0.722,1.2,3.8,5.0,7.0,1.3,0.3,3.4,3.4,16.5,,2026,16.3,0.561,0.298,0.475,4.5,13.4,9.0,33.2,2.1,1.0,18.8,25.4,0.9,1.9,2.9,0.104,-0.1,0.9,0.7,0.9,0.704,38.0,2.0,0.0
81,Saddiq Bey,26,NOP,SF,49,41,30.5,5.7,12.7,0.446,1.9,5.4,0.348,3.8,7.3,.518,.520,3.3,3.9,0.844,1.6,4.2,5.9,2.5,0.9,0.0,0.7,1.2,16.6,,2026,17.1,0.572,0.428,0.308,5.6,15.4,10.4,11.9,1.4,0.1,4.7,20.8,3.0,0.6,3.7,0.117,2.3,-1.8,0.5,0.9,0.268,15.0,14.0,0.0
80,OG Anunoby,28,NYK,PF,41,41,33.0,5.8,12.2,0.479,2.1,5.6,0.37,3.8,6.6,.572,.564,2.8,3.5,0.8,1.4,4.0,5.5,2.4,1.7,0.7,2.1,2.5,16.6,,2026,15.6,0.603,0.461,0.291,4.7,13.7,9.1,10.1,2.6,2.1,13.1,20.3,1.5,1.9,3.4,0.122,0.4,1.1,1.5,1.2,0.636,35.0,3.0,0.0
79,Nikola VuÄeviÄ,35,2TM,C,51,48,30.5,6.8,13.6,0.504,1.7,4.5,0.378,5.1,9.1,.566,.566,1.3,1.6,0.825,2.2,6.9,9.0,3.7,0.7,0.7,1.5,2.1,16.7,,2026,18.4,0.584,0.332,0.115,7.7,23.9,15.9,18.3,1.1,1.9,9.6,21.8,2.4,1.4,3.8,0.116,1.9,-0.1,1.8,1.5,0.5026987447698744,27.43723849372385,7.918410041841004,0.0
74,Derrick White,31,BOS,SG,52,52,34.3,6.0,15.3,0.389,2.9,8.8,0.325,3.1,6.5,.478,.483,2.4,2.7,0.894,1.0,3.4,4.4,5.6,1.2,1.4,1.8,1.6,17.2,,2026,16.5,0.522,0.577,0.178,3.3,10.8,7.0,22.9,1.8,4.1,9.8,23.1,2.3,2.2,4.5,0.122,2.4,0.6,3.0,2.3,0.648,35.0,2.0,0.0
101,Jarrett Allen,27,CLE,C,43,43,27.3,5.8,9.3,0.623,0.0,0.2,0.111,5.7,9.0,.635,.624,3.0,4.1,0.749,2.3,5.9,8.3,2.0,1.0,0.9,1.4,1.8,14.6,,2026,20.7,0.661,0.023,0.44,9.3,23.8,16.5,10.4,1.7,2.9,11.0,18.8,3.0,1.7,4.7,0.191,1.3,0.7,2.0,1.2,0.618,34.0,4.0,0.0
70,Andrew Nembhard,26,IND,PG,43,43,32.1,6.1,13.8,0.441,1.9,5.3,0.364,4.2,8.5,.489,.511,3.3,4.0,0.816,0.4,2.5,3.0,7.5,0.9,0.2,2.4,2.2,17.4,,2026,15.5,0.558,0.384,0.293,1.4,8.8,4.9,36.2,1.3,0.4,13.5,23.8,1.4,0.7,2.2,0.076,0.9,-1.8,-0.9,0.4,0.273,15.0,14.0,0.0
107,Ivica Zubac,28,LAC,C,43,42,30.9,6.1,10.0,0.613,0.0,0.0,0.0,6.1,10.0,.613,.613,2.2,3.1,0.705,3.4,7.6,11.0,2.2,0.4,0.8,1.9,2.4,14.4,,2026,19.0,0.635,0.0,0.308,13.4,27.7,20.8,11.7,0.6,2.6,14.4,19.1,2.6,1.4,4.0,0.145,0.8,-0.8,0.0,0.7,0.481,26.0,10.0,0.0
120,De'Andre Hunter,28,2TM,SF,45,25,26.1,4.6,11.1,0.415,1.7,5.5,0.305,3.0,5.7,.522,.490,2.8,3.2,0.867,0.7,3.4,4.1,2.0,0.7,0.1,1.7,2.5,13.7,,2026,11.4,0.545,0.491,0.285,2.8,14.4,8.6,10.6,1.2,0.5,11.7,22.5,0.2,1.0,1.2,0.048,-2.5,-1.4,-3.9,-0.6,0.5026987447698744,27.43723849372385,7.918410041841004,0.0
132,Toumani Camara,25,POR,PF,56,56,33.4,4.7,10.6,0.441,2.6,7.1,0.37,2.1,3.5,.584,.564,1.2,1.7,0.702,1.7,3.6,5.4,2.6,1.0,0.4,2.0,3.2,13.1,,2026,10.8,0.579,0.667,0.159,5.5,11.9,8.7,10.8,1.4,1.2,14.9,16.0,1.3,1.3,2.6,0.067,-1.0,-0.5,-1.5,0.2,0.482,27.0,9.0,0.0
130,Jeremiah Fears,19,NOP,PG,56,44,25.6,5.0,11.8,0.429,1.1,3.3,0.324,4.0,8.5,.468,.473,2.1,2.6,0.814,0.7,2.9,3.7,3.1,1.3,0.3,2.2,1.8,13.2,,2026,12.6,0.513,0.277,0.22,3.0,12.7,7.8,17.8,2.4,1.2,14.6,24.6,-1.1,0.9,-0.2,-0.005,-2.4,-1.2,-3.6,-0.6,0.268,15.0,14.0,0.0
129,Deandre Ayton,27,LAL,C,46,46,28.2,6.0,9.0,0.675,0.0,0.0,0.0,6.0,9.0,.675,.675,1.2,1.8,0.646,2.5,5.9,8.5,0.9,0.6,1.0,1.4,2.3,13.2,,2026,18.3,0.68,0.0,0.199,11.0,23.8,17.6,4.8,1.1,3.2,12.3,17.1,2.5,1.3,3.8,0.141,0.0,-1.0,-1.0,0.3,0.611,33.0,5.0,0.0
127,Cedric Coward,22,MEM,SG,48,35,26.3,4.9,10.4,0.468,1.5,4.4,0.34,3.4,6.0,.561,.539,2.1,2.5,0.843,1.4,4.9,6.2,2.9,0.6,0.4,1.8,2.0,13.3,,2026,14.7,0.58,0.42,0.243,5.5,19.8,12.7,16.3,1.0,1.4,13.2,20.9,1.1,1.2,2.3,0.086,0.1,-0.3,-0.2,0.6,0.377,20.0,11.0,0.0
126,Max Christie,22,DAL,SG,50,41,29.7,4.5,9.7,0.467,2.5,5.8,0.426,2.1,3.9,.528,.594,1.7,2.0,0.869,0.2,3.2,3.4,2.3,0.6,0.4,1.1,1.4,13.3,,2026,12.7,0.626,0.595,0.204,0.7,11.1,6.1,10.7,0.9,1.0,9.3,16.5,1.8,1.2,3.0,0.096,0.1,0.0,0.1,0.8,0.352,19.0,12.0,0.0
53,Kon Knueppel,20,CHO,SF,54,53,32.1,6.5,13.4,0.484,3.4,7.9,0.431,3.1,5.5,.560,.611,2.6,2.8,0.902,1.2,4.3,5.5,3.6,0.7,0.2,2.2,2.1,18.9,,2026,17.2,0.646,0.588,0.212,4.3,14.7,9.7,17.2,1.0,0.7,13.1,22.1,3.8,1.4,5.1,0.143,3.2,-0.6,2.7,2.0,0.473,26.0,9.0,0.0
123,Aaron Nesmith,26,IND,SF,32,29,30.5,4.5,11.6,0.389,2.4,6.4,0.371,2.1,5.2,.412,.492,2.2,2.7,0.814,1.3,3.4,4.8,2.1,0.7,0.6,1.4,2.7,13.6,,2026,10.8,0.532,0.554,0.232,4.5,12.5,8.4,10.2,1.0,1.6,10.1,19.7,0.0,0.6,0.6,0.031,-1.8,-1.3,-3.1,-0.3,0.273,15.0,14.0,0.0
63,Evan Mobley,24,CLE,PF,42,40,33.4,6.9,13.5,0.512,1.1,3.8,0.304,5.8,9.8,.593,.555,2.9,4.6,0.635,2.3,6.5,8.8,4.0,0.9,2.0,2.1,2.5,17.9,,2026,18.6,0.576,0.278,0.338,7.5,21.2,14.3,17.4,1.3,5.4,11.9,21.9,1.9,2.0,3.9,0.134,1.2,1.5,2.7,1.7,0.618,34.0,4.0,0.0
119,John Collins,28,LAC,PF,51,42,28.0,5.4,9.6,0.566,1.4,3.2,0.43,4.0,6.3,.635,.638,1.6,2.1,0.783,1.4,3.7,5.1,0.9,0.8,0.8,1.3,2.7,13.8,,2026,16.2,0.66,0.338,0.217,6.1,14.9,10.6,5.3,1.4,2.7,11.3,18.8,2.3,1.2,3.5,0.117,0.3,-0.5,-0.2,0.7,0.481,26.0,10.0,0.0
64,Jalen Duren,22,DET,C,44,44,27.7,6.9,10.9,0.631,0.0,0.0,0.0,6.9,10.9,.631,.631,3.9,5.3,0.737,3.7,6.7,10.4,1.8,0.9,0.8,1.9,2.8,17.7,,2026,24.1,0.667,0.0,0.483,15.0,26.6,20.9,9.8,1.6,2.8,12.5,22.6,3.6,2.4,6.1,0.239,3.1,0.4,3.5,1.7,0.755,40.0,1.0,0.0
118,Jaylon Tyson,23,CLE,SG,50,35,27.8,5.3,10.2,0.514,2.1,4.4,0.475,3.2,5.9,.543,.615,1.3,1.7,0.75,2.0,3.4,5.4,2.3,0.9,0.4,1.6,2.6,13.9,,2026,15.6,0.631,0.428,0.164,7.9,13.3,10.6,11.6,1.5,1.3,12.4,18.7,2.3,1.4,3.6,0.125,1.1,-0.5,0.6,0.9,0.618,34.0,4.0,0.0
117,Kelly Oubre Jr.,30,PHI,SF,32,27,32.7,5.0,10.7,0.469,1.8,4.9,0.367,3.2,5.7,.557,.554,2.1,2.8,0.744,0.9,3.8,4.7,1.6,1.3,0.6,1.3,2.5,13.9,,2026,12.5,0.585,0.463,0.264,3.0,13.2,8.0,7.0,1.9,1.8,9.9,17.1,0.8,1.0,1.8,0.082,-1.2,-0.2,-1.4,0.1,0.556,30.0,6.0,0.0
114,Santi Aldama,25,MEM,PF,43,11,27.9,5.3,11.1,0.479,1.6,4.7,0.35,3.7,6.4,.572,.553,1.8,2.7,0.667,1.6,5.1,6.7,2.9,0.9,0.7,1.3,1.6,14.0,,2026,16.4,0.572,0.42,0.239,6.0,19.6,12.8,15.6,1.5,2.4,9.5,20.1,1.4,1.4,2.7,0.109,1.2,0.6,1.8,1.2,0.377,20.0,11.0,0.0
113,P.J. Washington,27,DAL,PF,39,36,30.7,5.3,11.9,0.447,1.2,4.1,0.304,4.1,7.9,.521,.499,2.2,3.3,0.674,1.4,5.6,7.0,1.9,1.0,1.3,2.0,2.3,14.1,,2026,12.8,0.528,0.34,0.277,4.8,18.8,12.0,8.8,1.5,3.5,13.0,21.1,-0.8,1.7,0.9,0.037,-2.2,0.7,-1.4,0.2,0.352,19.0,12.0,0.0
112,Devin Vassell,25,SAS,SG,41,39,30.8,5.0,12.0,0.422,2.3,6.6,0.354,2.7,5.3,.507,.520,1.7,2.0,0.85,0.5,3.4,3.9,2.3,0.9,0.4,0.9,1.7,14.1,,2026,12.3,0.55,0.553,0.163,1.6,11.6,6.7,10.4,1.3,1.2,6.6,18.7,0.9,1.5,2.5,0.093,-0.7,0.0,-0.7,0.4,0.704,38.0,2.0,0.0
111,Jalen Suggs,24,ORL,PG,33,33,26.7,5.0,11.2,0.443,1.9,6.0,0.325,3.0,5.2,.578,.530,2.2,2.6,0.847,0.7,3.3,4.0,5.5,2.0,0.8,2.5,2.8,14.1,,2026,17.6,0.569,0.532,0.23,3.0,13.9,8.4,31.3,3.6,2.5,16.9,23.5,0.6,1.4,2.0,0.108,1.3,2.3,3.7,1.3,0.528,28.0,7.0,0.0
110,Ajay Mitchell,23,OKC,SG,43,9,26.3,5.2,10.6,0.487,1.1,3.2,0.35,4.0,7.4,.545,.539,2.7,3.0,0.87,0.7,2.8,3.5,3.7,1.4,0.3,1.6,2.2,14.1,,2026,17.3,0.59,0.3,0.287,2.9,11.1,7.2,20.0,2.6,1.2,11.7,22.3,1.6,2.1,3.7,0.157,0.4,1.6,2.0,1.1,0.75,42.0,1.0,0.0
109,Tim Hardaway Jr.,33,DEN,SG,54,5,27.5,4.6,10.1,0.453,2.9,7.0,0.409,1.7,3.0,.555,.596,2.1,2.5,0.859,0.2,2.4,2.6,1.3,0.5,0.1,0.5,1.2,14.1,,2026,14.3,0.633,0.698,0.249,0.8,9.6,5.4,6.7,0.9,0.5,4.0,18.5,2.8,0.5,3.3,0.108,1.7,-2.2,-0.5,0.5,0.636,35.0,3.0,0.0
95,Kyshawn George,22,WAS,SF,43,43,30.1,5.4,12.3,0.441,2.1,5.6,0.377,3.3,6.7,.495,.527,2.2,2.7,0.797,1.0,4.5,5.4,4.8,1.1,0.9,2.8,3.8,15.1,,2026,13.9,0.56,0.453,0.223,3.4,15.8,9.5,23.6,1.7,2.6,17.0,22.5,0.2,0.6,0.8,0.031,-0.7,-0.5,-1.3,0.2,0.264,14.0,15.0,0.0
